userName;email;pwd1;pwd2
ana300;ana300@pepe.com;ana;ana
ana2;ana2@pepe.com;ana;ana
ana3;ana3@pepe.com;ana;ana
ana4;ana4@pepe.com;ana;ana
ana5;ana5@pepe.com;ana;ana
ana6;ana6@pepe.com;ana;ana
ana7;ana7@pepe.com;ana;ana
ana8;ana8@pepe.com;ana;ana
ana9;ana9@pepe.com;ana;ana
ana10;ana10@pepe.com;ana;ana
ana11;ana11@pepe.com;ana;ana
ana12;ana12@pepe.com;ana;ana
ana13;ana13@pepe.com;ana;ana
ana14;ana14@pepe.com;ana;ana
ana15;ana15@pepe.com;ana;ana
ana16;ana16@pepe.com;ana;ana
ana17;ana17@pepe.com;ana;ana
ana18;ana18@pepe.com;ana;ana
ana19;ana19@pepe.com;ana;ana
ana20;ana20@pepe.com;ana;ana
ana21;ana21@pepe.com;ana;ana
ana22;ana22@pepe.com;ana;ana
ana23;ana23@pepe.com;ana;ana
ana24;ana24@pepe.com;ana;ana
ana25;ana25@pepe.com;ana;ana
ana26;ana26@pepe.com;ana;ana
ana27;ana27@pepe.com;ana;ana
ana28;ana28@pepe.com;ana;ana
ana29;ana29@pepe.com;ana;ana
ana30;ana30@pepe.com;ana;ana
ana31;ana31@pepe.com;ana;ana
ana32;ana32@pepe.com;ana;ana
ana33;ana33@pepe.com;ana;ana
ana34;ana34@pepe.com;ana;ana
ana35;ana35@pepe.com;ana;ana
ana36;ana36@pepe.com;ana;ana
ana37;ana37@pepe.com;ana;ana
ana38;ana38@pepe.com;ana;ana
ana39;ana39@pepe.com;ana;ana
ana40;ana40@pepe.com;ana;ana
ana41;ana41@pepe.com;ana;ana
ana42;ana42@pepe.com;ana;ana
ana43;ana43@pepe.com;ana;ana
ana44;ana44@pepe.com;ana;ana
ana45;ana45@pepe.com;ana;ana
ana46;ana46@pepe.com;ana;ana
ana47;ana47@pepe.com;ana;ana
ana48;ana48@pepe.com;ana;ana
ana49;ana49@pepe.com;ana;ana
ana50;ana50@pepe.com;ana;ana
ana51;ana51@pepe.com;ana;ana
ana52;ana52@pepe.com;ana;ana
ana53;ana53@pepe.com;ana;ana
ana54;ana54@pepe.com;ana;ana
ana55;ana55@pepe.com;ana;ana
ana56;ana56@pepe.com;ana;ana
ana57;ana57@pepe.com;ana;ana
ana58;ana58@pepe.com;ana;ana
ana59;ana59@pepe.com;ana;ana
ana60;ana60@pepe.com;ana;ana
ana61;ana61@pepe.com;ana;ana
ana62;ana62@pepe.com;ana;ana
ana63;ana63@pepe.com;ana;ana
ana64;ana64@pepe.com;ana;ana
ana65;ana65@pepe.com;ana;ana
ana66;ana66@pepe.com;ana;ana
ana67;ana67@pepe.com;ana;ana
ana68;ana68@pepe.com;ana;ana
ana69;ana69@pepe.com;ana;ana
ana70;ana70@pepe.com;ana;ana
ana71;ana71@pepe.com;ana;ana
ana72;ana72@pepe.com;ana;ana
ana73;ana73@pepe.com;ana;ana
ana74;ana74@pepe.com;ana;ana
ana75;ana75@pepe.com;ana;ana
ana76;ana76@pepe.com;ana;ana
ana77;ana77@pepe.com;ana;ana
ana78;ana78@pepe.com;ana;ana
ana79;ana79@pepe.com;ana;ana
ana80;ana80@pepe.com;ana;ana
ana81;ana81@pepe.com;ana;ana
ana82;ana82@pepe.com;ana;ana
ana83;ana83@pepe.com;ana;ana
ana84;ana84@pepe.com;ana;ana
ana85;ana85@pepe.com;ana;ana
ana86;ana86@pepe.com;ana;ana
ana87;ana87@pepe.com;ana;ana
ana88;ana88@pepe.com;ana;ana
ana89;ana89@pepe.com;ana;ana
ana90;ana90@pepe.com;ana;ana
ana91;ana91@pepe.com;ana;ana
ana92;ana92@pepe.com;ana;ana
ana93;ana93@pepe.com;ana;ana
ana94;ana94@pepe.com;ana;ana
ana95;ana95@pepe.com;ana;ana
ana96;ana96@pepe.com;ana;ana
ana97;ana97@pepe.com;ana;ana
ana98;ana98@pepe.com;ana;ana
ana99;ana99@pepe.com;ana;ana
ana100;ana100@pepe.com;ana;ana
ana101;ana101@pepe.com;ana;ana
ana102;ana102@pepe.com;ana;ana
ana103;ana103@pepe.com;ana;ana
ana104;ana104@pepe.com;ana;ana
ana105;ana105@pepe.com;ana;ana
ana106;ana106@pepe.com;ana;ana
ana107;ana107@pepe.com;ana;ana
ana108;ana108@pepe.com;ana;ana
ana109;ana109@pepe.com;ana;ana
ana110;ana110@pepe.com;ana;ana
ana111;ana111@pepe.com;ana;ana
ana112;ana112@pepe.com;ana;ana
ana113;ana113@pepe.com;ana;ana
ana114;ana114@pepe.com;ana;ana
ana115;ana115@pepe.com;ana;ana
ana116;ana116@pepe.com;ana;ana
ana117;ana117@pepe.com;ana;ana
ana118;ana118@pepe.com;ana;ana
ana119;ana119@pepe.com;ana;ana
ana120;ana120@pepe.com;ana;ana
ana121;ana121@pepe.com;ana;ana
ana122;ana122@pepe.com;ana;ana
ana123;ana123@pepe.com;ana;ana
ana124;ana124@pepe.com;ana;ana
ana125;ana125@pepe.com;ana;ana
ana126;ana126@pepe.com;ana;ana
ana127;ana127@pepe.com;ana;ana
ana128;ana128@pepe.com;ana;ana
ana129;ana129@pepe.com;ana;ana
ana130;ana130@pepe.com;ana;ana
ana131;ana131@pepe.com;ana;ana
ana132;ana132@pepe.com;ana;ana
ana133;ana133@pepe.com;ana;ana
ana134;ana134@pepe.com;ana;ana
ana135;ana135@pepe.com;ana;ana
ana136;ana136@pepe.com;ana;ana
ana137;ana137@pepe.com;ana;ana
ana138;ana138@pepe.com;ana;ana
ana139;ana139@pepe.com;ana;ana
ana140;ana140@pepe.com;ana;ana
ana141;ana141@pepe.com;ana;ana
ana142;ana142@pepe.com;ana;ana
ana143;ana143@pepe.com;ana;ana
ana144;ana144@pepe.com;ana;ana
ana145;ana145@pepe.com;ana;ana
ana146;ana146@pepe.com;ana;ana
ana147;ana147@pepe.com;ana;ana
ana148;ana148@pepe.com;ana;ana
ana149;ana149@pepe.com;ana;ana
ana150;ana150@pepe.com;ana;ana
ana151;ana151@pepe.com;ana;ana
ana152;ana152@pepe.com;ana;ana
ana153;ana153@pepe.com;ana;ana
ana154;ana154@pepe.com;ana;ana
ana155;ana155@pepe.com;ana;ana
ana156;ana156@pepe.com;ana;ana
ana157;ana157@pepe.com;ana;ana
ana158;ana158@pepe.com;ana;ana
ana159;ana159@pepe.com;ana;ana
ana160;ana160@pepe.com;ana;ana
ana161;ana161@pepe.com;ana;ana
ana162;ana162@pepe.com;ana;ana
ana163;ana163@pepe.com;ana;ana
ana164;ana164@pepe.com;ana;ana
ana165;ana165@pepe.com;ana;ana
ana166;ana166@pepe.com;ana;ana
ana167;ana167@pepe.com;ana;ana
ana168;ana168@pepe.com;ana;ana
ana169;ana169@pepe.com;ana;ana
ana170;ana170@pepe.com;ana;ana
ana171;ana171@pepe.com;ana;ana
ana172;ana172@pepe.com;ana;ana
ana173;ana173@pepe.com;ana;ana
ana174;ana174@pepe.com;ana;ana
ana175;ana175@pepe.com;ana;ana
ana176;ana176@pepe.com;ana;ana
ana177;ana177@pepe.com;ana;ana
ana178;ana178@pepe.com;ana;ana
ana179;ana179@pepe.com;ana;ana
ana180;ana180@pepe.com;ana;ana
ana181;ana181@pepe.com;ana;ana
ana182;ana182@pepe.com;ana;ana
ana183;ana183@pepe.com;ana;ana
ana184;ana184@pepe.com;ana;ana
ana185;ana185@pepe.com;ana;ana
ana186;ana186@pepe.com;ana;ana
ana187;ana187@pepe.com;ana;ana
ana188;ana188@pepe.com;ana;ana
ana189;ana189@pepe.com;ana;ana
ana190;ana190@pepe.com;ana;ana
ana191;ana191@pepe.com;ana;ana
ana192;ana192@pepe.com;ana;ana
ana193;ana193@pepe.com;ana;ana
ana194;ana194@pepe.com;ana;ana
ana195;ana195@pepe.com;ana;ana
ana196;ana196@pepe.com;ana;ana
ana197;ana197@pepe.com;ana;ana
ana198;ana198@pepe.com;ana;ana
ana199;ana199@pepe.com;ana;ana
ana200;ana200@pepe.com;ana;ana
ana201;ana201@pepe.com;ana;ana
ana202;ana202@pepe.com;ana;ana
ana203;ana203@pepe.com;ana;ana
ana204;ana204@pepe.com;ana;ana
ana205;ana205@pepe.com;ana;ana
ana206;ana206@pepe.com;ana;ana
ana207;ana207@pepe.com;ana;ana
ana208;ana208@pepe.com;ana;ana
ana209;ana209@pepe.com;ana;ana
ana210;ana210@pepe.com;ana;ana
ana211;ana211@pepe.com;ana;ana
ana212;ana212@pepe.com;ana;ana
ana213;ana213@pepe.com;ana;ana
ana214;ana214@pepe.com;ana;ana
ana215;ana215@pepe.com;ana;ana
ana216;ana216@pepe.com;ana;ana
ana217;ana217@pepe.com;ana;ana
ana218;ana218@pepe.com;ana;ana
ana219;ana219@pepe.com;ana;ana
ana220;ana220@pepe.com;ana;ana
ana221;ana221@pepe.com;ana;ana
ana222;ana222@pepe.com;ana;ana
ana223;ana223@pepe.com;ana;ana
ana224;ana224@pepe.com;ana;ana
ana225;ana225@pepe.com;ana;ana
ana226;ana226@pepe.com;ana;ana
ana227;ana227@pepe.com;ana;ana
ana228;ana228@pepe.com;ana;ana
ana229;ana229@pepe.com;ana;ana
ana230;ana230@pepe.com;ana;ana
ana231;ana231@pepe.com;ana;ana
ana232;ana232@pepe.com;ana;ana
ana233;ana233@pepe.com;ana;ana
ana234;ana234@pepe.com;ana;ana
ana235;ana235@pepe.com;ana;ana
ana236;ana236@pepe.com;ana;ana
ana237;ana237@pepe.com;ana;ana
ana238;ana238@pepe.com;ana;ana
ana239;ana239@pepe.com;ana;ana
ana240;ana240@pepe.com;ana;ana
ana241;ana241@pepe.com;ana;ana
ana242;ana242@pepe.com;ana;ana
ana243;ana243@pepe.com;ana;ana
ana244;ana244@pepe.com;ana;ana
ana245;ana245@pepe.com;ana;ana
ana246;ana246@pepe.com;ana;ana
ana247;ana247@pepe.com;ana;ana
ana248;ana248@pepe.com;ana;ana
ana249;ana249@pepe.com;ana;ana
ana250;ana250@pepe.com;ana;ana
ana251;ana251@pepe.com;ana;ana
ana252;ana252@pepe.com;ana;ana
ana253;ana253@pepe.com;ana;ana
ana254;ana254@pepe.com;ana;ana
ana255;ana255@pepe.com;ana;ana
ana256;ana256@pepe.com;ana;ana
ana257;ana257@pepe.com;ana;ana
ana258;ana258@pepe.com;ana;ana
ana259;ana259@pepe.com;ana;ana
ana260;ana260@pepe.com;ana;ana
ana261;ana261@pepe.com;ana;ana
ana262;ana262@pepe.com;ana;ana
ana263;ana263@pepe.com;ana;ana
ana264;ana264@pepe.com;ana;ana
ana265;ana265@pepe.com;ana;ana
ana266;ana266@pepe.com;ana;ana
ana267;ana267@pepe.com;ana;ana
ana268;ana268@pepe.com;ana;ana
ana269;ana269@pepe.com;ana;ana
ana270;ana270@pepe.com;ana;ana
ana271;ana271@pepe.com;ana;ana
ana272;ana272@pepe.com;ana;ana
ana273;ana273@pepe.com;ana;ana
ana274;ana274@pepe.com;ana;ana
ana275;ana275@pepe.com;ana;ana
ana276;ana276@pepe.com;ana;ana
ana277;ana277@pepe.com;ana;ana
ana278;ana278@pepe.com;ana;ana
ana279;ana279@pepe.com;ana;ana
ana280;ana280@pepe.com;ana;ana
ana281;ana281@pepe.com;ana;ana
ana282;ana282@pepe.com;ana;ana
ana283;ana283@pepe.com;ana;ana
ana284;ana284@pepe.com;ana;ana
ana285;ana285@pepe.com;ana;ana
ana286;ana286@pepe.com;ana;ana
ana287;ana287@pepe.com;ana;ana
ana288;ana288@pepe.com;ana;ana
ana289;ana289@pepe.com;ana;ana
ana290;ana290@pepe.com;ana;ana
ana291;ana291@pepe.com;ana;ana
ana292;ana292@pepe.com;ana;ana
ana293;ana293@pepe.com;ana;ana
ana294;ana294@pepe.com;ana;ana
ana295;ana295@pepe.com;ana;ana
ana296;ana296@pepe.com;ana;ana
ana297;ana297@pepe.com;ana;ana
ana298;ana298@pepe.com;ana;ana
ana299;ana299@pepe.com;ana;ana
ana300;ana300@pepe.com;ana;ana
ana301;ana301@pepe.com;ana;ana
ana302;ana302@pepe.com;ana;ana
ana303;ana303@pepe.com;ana;ana
ana304;ana304@pepe.com;ana;ana
ana305;ana305@pepe.com;ana;ana
ana306;ana306@pepe.com;ana;ana
ana307;ana307@pepe.com;ana;ana
ana308;ana308@pepe.com;ana;ana
ana309;ana309@pepe.com;ana;ana
ana310;ana310@pepe.com;ana;ana
ana311;ana311@pepe.com;ana;ana
ana312;ana312@pepe.com;ana;ana
ana313;ana313@pepe.com;ana;ana
ana314;ana314@pepe.com;ana;ana
ana315;ana315@pepe.com;ana;ana
ana316;ana316@pepe.com;ana;ana
ana317;ana317@pepe.com;ana;ana
ana318;ana318@pepe.com;ana;ana
ana319;ana319@pepe.com;ana;ana
ana320;ana320@pepe.com;ana;ana
ana321;ana321@pepe.com;ana;ana
ana322;ana322@pepe.com;ana;ana
ana323;ana323@pepe.com;ana;ana
ana324;ana324@pepe.com;ana;ana
ana325;ana325@pepe.com;ana;ana
ana326;ana326@pepe.com;ana;ana
ana327;ana327@pepe.com;ana;ana
ana328;ana328@pepe.com;ana;ana
ana329;ana329@pepe.com;ana;ana
ana330;ana330@pepe.com;ana;ana
ana331;ana331@pepe.com;ana;ana
ana332;ana332@pepe.com;ana;ana
ana333;ana333@pepe.com;ana;ana
ana334;ana334@pepe.com;ana;ana
ana335;ana335@pepe.com;ana;ana
ana336;ana336@pepe.com;ana;ana
ana337;ana337@pepe.com;ana;ana
ana338;ana338@pepe.com;ana;ana
ana339;ana339@pepe.com;ana;ana
ana340;ana340@pepe.com;ana;ana
ana341;ana341@pepe.com;ana;ana
ana342;ana342@pepe.com;ana;ana
ana343;ana343@pepe.com;ana;ana
ana344;ana344@pepe.com;ana;ana
ana345;ana345@pepe.com;ana;ana
ana346;ana346@pepe.com;ana;ana
ana347;ana347@pepe.com;ana;ana
ana348;ana348@pepe.com;ana;ana
ana349;ana349@pepe.com;ana;ana
ana350;ana350@pepe.com;ana;ana
ana351;ana351@pepe.com;ana;ana
ana352;ana352@pepe.com;ana;ana
ana353;ana353@pepe.com;ana;ana
ana354;ana354@pepe.com;ana;ana
ana355;ana355@pepe.com;ana;ana
ana356;ana356@pepe.com;ana;ana
ana357;ana357@pepe.com;ana;ana
ana358;ana358@pepe.com;ana;ana
ana359;ana359@pepe.com;ana;ana
ana360;ana360@pepe.com;ana;ana
ana361;ana361@pepe.com;ana;ana
ana362;ana362@pepe.com;ana;ana
ana363;ana363@pepe.com;ana;ana
ana364;ana364@pepe.com;ana;ana
ana365;ana365@pepe.com;ana;ana
ana366;ana366@pepe.com;ana;ana
ana367;ana367@pepe.com;ana;ana
ana368;ana368@pepe.com;ana;ana
ana369;ana369@pepe.com;ana;ana
ana370;ana370@pepe.com;ana;ana
ana371;ana371@pepe.com;ana;ana
ana372;ana372@pepe.com;ana;ana
ana373;ana373@pepe.com;ana;ana
ana374;ana374@pepe.com;ana;ana
ana375;ana375@pepe.com;ana;ana
ana376;ana376@pepe.com;ana;ana
ana377;ana377@pepe.com;ana;ana
ana378;ana378@pepe.com;ana;ana
ana379;ana379@pepe.com;ana;ana
ana380;ana380@pepe.com;ana;ana
ana381;ana381@pepe.com;ana;ana
